58,54,49,49.1,59,52,58.1,67,117,336,948,1672,1926,1817,1742,1653,1534,1472,1464,1411,1322,1242,1238,1162,1111,1112,1027,987,938,923,925,923.1,869,831,779,783,764,751,776,732,693,613,625,623,615,615.1,597,579,542,567,562,563,549,516,464,504,472,497,472.1,460,452,434,400,414,404,415,425,403,401,389,370,343,347,343.1,351,335,331,298,322,332,311,330,268,286,283,276,284,260,264,251,241,256,253,246,253.1,228,205,240,231,251.1,226,218,199,223,200,202,190,200.1,188,189,186,180,159,176,155,171,196,169,188.1,145,178,143,179,164,169.1,183,178.1,157,146,151,143.1,133,131,138,139,125,120,140,145.1,134,116,121,126,118,118.1,125.1,118.2,104,118.3,110,108,108.1,96,108.2,111,93,105,95,103,94,107,88,93.1,93.2,75,91,99,97,95.1,103.1,98,69,80,65,75.1,90,67.1,90.1,87,79,75.2,81,62,64,53,65.1,74,63,69.1,74.1,67.2,60,76,54.1,69.2,69.3,54.2,52.1,60.1,56
43,55,46,45,49,39,41,50,111,291,868,1507,1592,1478,1405,1401,1216,1205,1104,1060,1074,1054,1005,995,921,903,836,845,776,782,783,714,675,693,682,598,619,630,558,624,538,572,511,528,491,505,495,498,476,471,463,450,418,419,454,415,404,392,382,366,439,399,408,391,312,358,330,363,296,315,317,287,352,301,276,308,288,276,267,258,269,261,269,264,238,265,229,229,207,237,216,212,220,210,241,218,205,185,234,185,190,210,201,170,174,181,185,164,189,169,173,164,150,163,147,167,158,140,143,135,136,162,141,141,129,138,135,137,127,152,115,92,135,118,112,111,108,118,117,103,111,104,92,97,111,85,111,106,93,95,89,94,82,92,83,102,95,81,75,100,74,74,91,75,70,96,82,76,84,67,72,72,71,65,57,73,74,88,74,73,52,62,57,61,59,55,53,57,65,68,65,53,48,60,55,44,59,56,63,58
50,46,44,49,49,51,45,57,103,262,776,1337,1488,1443,1277,1188,1198,1090,1078,1061,976,1000,905,872,863,817,774,805,742,661,687,710,680,629,624,630,562,631,583,519,529,540,532,471,451,510,502,455,459,401,458,446,407,415,429,382,395,410,370,347,344,337,345,325,334,334,292,306,334,326,290,312,290,284,297,282,298,245,265,291,228,272,221,200,228,236,255,246,203,218,186,214,220,208,202,209,169,193,199,175,136,170,185,160,147,157,168,166,188,174,148,144,128,143,127,144,136,137,140,120,129,112,137,127,143,129,110,107,108,112,120,111,122,89,100,91,108,111,109,109,99,110,96,122,101,88,88,79,96,105,84,86,76,93,105,71,87,88,68,68,69,76,78,64,68,74,67,60,77,65,66,80,80,69,68,76,61,55,67,75,68,57,58,54,55,53,59,63,37,43,38,68,51,45,44,44,49,56,40,63
39,35,41,45,46,39,50,54,89,294,765,1380,1431,1408,1220,1192,1140,1103,1054,1070,1012,1011,938,915,830,795,761,747,728,710,650,694,677,617,605,611,621,563,581,583,562,555,506,533,484,488,492,460,437,444,458,431,404,374,395,382,358,399,337,332,363,349,337,346,358,334,303,317,292,304,277,262,308,253,267,257,270,256,264,231,251,244,234,225,220,242,221,205,219,175,203,207,220,182,211,210,205,168,195,170,170,179,178,164,204,175,164,161,174,146,170,156,175,150,167,142,153,147,137,130,127,142,136,125,111,117,117,130,117,146,117,115,111,120,81,90,100,109,73,90,92,89,74,99,86,97,102,103,93,90,82,84,103,77,81,97,77,80,74,75,86,81,68,68,67,85,68,58,72,69,56,61,81,66,61,69,44,60,62,54,60,54,53,55,59,59,44,55,64,39,42,58,45,47,51,44,48,54,41,51
50,61,56,43,45,51,42,65,100,296,857,1500,1592,1421,1359,1310,1258,1217,1139,1101,1024,1043,1005,918,892,873,885,813,738,790,742,754,705,692,607,599,598,610,591,621,559,555,567,519,564,516,502,503,450,480,448,466,431,430,449,410,396,398,386,379,417,386,354,363,365,369,334,343,357,310,286,306,297,317,290,285,279,274,260,262,248,267,273,279,246,255,248,227,244,210,228,208,229,212,224,222,196,222,195,186,192,182,193,170,208,188,175,181,187,166,168,152,150,164,160,153,171,140,140,147,128,150,127,148,140,109,122,138,121,121,126,113,114,123,128,125,114,120,125,127,97,108,104,114,107,92,85,81,91,98,92,98,94,93,84,100,84,89,91,102,91,79,82,82,84,72,74,77,87,81,75,74,73,77,66,60,57,60,72,48,80,65,63,57,64,61,67,57,49,51,50,54,51,49,53,43,45,55,60,44
43,45,53,43,45,48,44,46,92,282,786,1412,1467,1432,1390,1242,1188,1124,1131,1033,1009,982,984,954,863,898,797,812,772,735,721,662,692,706,648,630,598,581,563,575,525,555,550,522,496,491,479,464,444,452,467,449,452,446,391,407,420,336,374,387,357,366,338,371,331,337,348,348,332,312,325,304,249,296,288,255,253,273,281,266,242,252,271,248,235,256,247,214,239,245,218,205,214,205,213,194,201,208,191,190,185,161,166,165,180,174,161,152,145,192,145,159,144,162,152,146,150,149,141,127,136,141,134,114,120,129,115,117,114,101,117,108,137,95,110,114,102,118,120,111,115,92,91,100,107,109,93,86,86,93,100,89,72,86,81,89,91,81,87,73,72,79,97,75,66,74,74,66,81,66,78,87,64,66,61,70,68,71,67,52,55,58,46,57,62,65,60,68,74,43,69,50,52,53,60,47,48,59,58,44
56,45,43,47,40,45,41,49,91,249,780,1418,1439,1355,1244,1224,1174,1151,1084,1036,938,936,880,845,837,847,738,731,756,736,682,642,634,591,639,605,592,558,572,554,514,510,463,469,514,465,466,475,445,399,451,409,413,400,434,401,401,384,354,349,380,340,304,342,318,307,339,300,335,275,291,269,284,288,268,253,272,250,273,256,213,235,245,206,236,219,233,198,235,227,203,216,214,218,179,202,186,160,196,173,199,176,165,169,169,179,133,148,150,154,169,134,132,143,137,136,147,143,144,127,122,125,150,137,130,116,124,122,126,141,114,107,107,109,111,115,92,86,107,97,107,117,85,106,77,84,93,95,97,82,75,90,84,101,85,82,75,90,82,72,79,75,70,67,60,76,73,73,64,70,77,66,57,67,73,60,66,56,58,59,48,60,71,57,55,58,55,67,50,54,60,54,39,58,48,54,52,57,43,42
43,39,36,33,44,59,53,44,93,256,773,1282,1574,1317,1259,1229,1090,1098,1015,1034,992,947,916,843,829,853,825,762,733,691,672,643,664,653,618,594,593,575,559,501,522,536,484,484,446,507,461,426,426,435,428,424,408,395,364,376,379,370,389,338,321,335,353,333,296,316,306,296,302,291,299,288,302,278,258,252,264,271,275,265,245,220,233,254,229,219,206,213,211,211,218,193,191,189,221,183,173,199,174,198,157,189,184,149,181,162,152,152,139,141,143,144,162,140,164,134,134,130,130,132,121,112,119,112,141,149,116,131,112,100,119,119,121,110,92,104,91,103,98,108,98,109,96,105,108,93,84,81,83,89,84,72,81,93,79,86,82,76,83,65,62,66,79,50,84,65,61,71,59,66,87,59,57,59,59,85,66,53,58,45,63,71,61,62,48,55,54,59,49,49,42,56,53,50,48,57,46,39,40,43
46,38,36,53,49,47,51,57,84,263,849,1389,1444,1409,1315,1239,1161,1071,1068,1004,965,963,943,913,914,810,808,774,744,747,700,703,677,643,613,602,588,576,543,524,584,514,528,503,496,493,477,463,475,428,436,441,394,423,393,440,393,386,413,376,353,374,346,349,312,325,328,304,318,286,296,319,284,290,271,273,251,274,268,278,261,268,231,265,253,210,210,225,232,207,224,180,252,220,196,193,182,196,197,203,159,174,173,190,202,161,167,150,156,138,161,164,134,150,161,157,162,119,144,143,140,120,127,128,146,137,112,125,122,131,114,117,131,118,111,125,116,97,99,102,115,94,102,95,97,80,93,99,76,98,97,91,94,86,82,79,82,72,77,69,99,80,83,72,71,70,68,76,75,84,68,67,59,71,66,76,60,55,48,56,59,71,43,60,62,54,52,69,55,62,65,64,42,57,42,37,46,44,55,51
60,47,44,44,49,59,53,54,106,294,880,1469,1572,1442,1339,1258,1239,1134,1104,1021,1028,998,946,975,965,887,797,777,751,734,728,646,719,670,644,562,621,628,584,570,575,532,523,483,523,530,550,478,460,472,453,416,458,439,430,459,416,370,340,366,392,376,369,373,337,320,330,292,333,292,308,298,282,257,286,299,314,277,260,252,228,267,231,240,226,245,227,253,228,219,226,209,205,180,204,210,187,219,207,206,182,191,176,177,175,172,178,165,169,145,158,158,170,161,144,144,131,133,169,166,153,129,127,126,148,120,114,130,104,141,144,107,121,115,119,103,120,106,124,100,106,105,117,109,94,73,96,85,103,97,111,88,98,92,102,79,92,82,79,97,91,100,77,85,65,77,80,57,60,71,66,48,66,59,66,76,79,76,59,60,56,60,56,72,50,62,46,54,55,58,57,65,54,51,52,45,57,59,67,49
38,49,42,50,48,47,42,39,84,258,784,1276,1349,1258,1197,1123,1094,1017,1070,948,912,894,828,809,823,774,697,747,672,661,635,678,668,594,553,578,560,572,525,533,516,513,476,485,495,449,458,440,452,384,403,410,393,392,367,352,361,367,317,364,301,333,292,330,334,302,288,289,271,290,295,280,269,289,261,260,221,223,257,206,227,226,243,225,176,201,214,206,197,218,184,190,188,193,192,184,194,179,163,169,168,150,174,169,178,150,156,165,137,180,162,138,138,124,135,128,119,144,123,130,105,133,111,139,137,121,114,117,118,113,108,108,118,104,117,100,100,102,106,118,98,89,91,85,85,87,75,90,94,76,76,79,82,74,83,64,65,85,100,73,75,69,64,73,70,68,74,76,68,52,55,65,74,65,63,64,60,55,62,58,63,64,55,70,47,59,57,51,57,54,48,51,53,45,32,44,43,39,45,33
36,49,41,41,47,55,44,38,110,274,817,1310,1408,1352,1231,1162,1054,1030,973,966,915,932,865,862,803,720,753,722,743,669,695,641,616,617,532,632,567,543,508,473,489,514,462,422,505,464,439,437,410,426,416,348,414,395,377,359,361,385,327,294,344,331,327,328,312,300,299,277,299,278,260,272,265,242,284,252,246,242,224,245,254,225,261,225,197,218,190,190,202,213,192,192,187,186,191,202,184,193,173,160,168,166,154,166,154,172,148,160,152,134,122,159,141,118,142,139,137,139,121,120,130,135,127,124,116,119,119,107,111,112,95,116,104,114,94,103,110,94,72,79,86,91,99,87,85,90,85,84,101,69,65,87,74,94,85,84,94,66,86,73,73,65,70,79,77,72,65,72,57,67,77,60,55,51,59,73,51,63,60,63,50,53,64,47,73,57,61,56,57,44,48,47,32,49,56,55,43,50,34,48
53,44,50,52,45,41,33,47,99,261,746,1418,1321,1340,1309,1160,1059,996,986,996,1013,927,912,865,779,785,769,690,689,674,681,642,641,619,610,555,560,552,554,509,541,471,493,462,423,432,426,470,428,400,402,411,390,385,375,392,332,372,351,348,347,340,311,348,288,340,310,299,321,278,270,282,255,274,283,257,259,255,230,250,251,208,249,238,198,250,213,183,220,200,214,203,198,191,182,174,180,186,179,189,171,186,184,168,146,153,143,151,150,154,140,140,144,128,159,121,139,120,137,118,147,131,127,147,111,122,131,114,101,123,99,128,97,111,114,122,115,104,120,121,105,113,93,100,84,93,96,84,87,81,83,93,81,80,74,85,77,67,89,65,77,78,66,81,57,71,69,75,67,67,68,70,68,59,86,59,56,61,47,70,57,61,54,59,64,45,42,66,48,49,39,50,55,48,48,59,56,64,41,54
53,38,53,46,44,43,41,51,90,269,859,1452,1513,1348,1343,1238,1259,1162,1096,1070,960,973,970,931,917,854,762,821,732,782,727,714,680,655,651,629,650,601,586,504,565,549,542,554,532,502,465,522,439,448,464,453,415,429,430,402,379,374,395,408,375,374,371,390,351,349,314,332,301,315,255,273,287,292,262,274,246,269,264,272,252,270,267,223,245,232,249,206,231,225,213,248,234,199,199,207,186,234,210,177,184,195,185,169,201,162,154,164,156,156,145,165,157,151,162,144,150,165,147,168,142,145,144,145,141,140,117,134,122,139,129,107,148,111,118,105,125,90,104,105,118,114,104,99,110,89,86,88,83,101,92,72,78,92,78,97,78,80,82,82,66,75,90,84,64,93,70,64,69,65,86,62,56,61,67,76,64,53,63,71,50,72,70,61,61,58,67,66,54,52,58,58,51,46,50,50,47,50,50,54
48,39,45,52,40,41,45,58,86,274,810,1477,1479,1346,1279,1220,1177,1106,1050,997,976,980,968,845,847,838,772,766,740,778,703,702,654,591,608,626,590,605,581,558,545,526,519,477,485,460,491,484,439,410,401,413,376,403,362,414,402,405,398,391,367,330,343,320,313,340,323,334,315,281,316,299,303,293,255,251,278,253,238,236,248,236,245,229,236,212,252,244,200,243,205,235,184,215,199,204,209,187,178,162,193,189,190,135,167,147,149,177,135,161,158,152,134,130,134,149,128,148,120,129,131,156,121,118,139,126,99,126,128,111,105,121,92,120,113,108,104,119,93,96,120,100,132,114,107,102,99,78,95,91,88,77,79,100,87,87,79,78,88,85,85,74,88,65,61,74,72,56,82,68,80,63,74,53,74,50,76,60,66,62,63,62,54,64,61,54,54,55,48,46,59,50,45,40,46,42,50,49,45,58
36,43,44,44,36,43,47,43,92,250,766,1351,1450,1335,1199,1187,1119,1080,1066,1003,953,934,895,869,779,734,784,766,662,725,685,663,612,574,570,583,578,536,531,523,469,507,481,473,473,446,418,438,440,433,401,375,423,385,366,353,354,391,358,367,333,337,354,358,329,352,306,288,303,286,300,283,297,267,282,273,238,272,253,252,261,254,218,229,220,217,193,241,188,236,234,200,188,213,182,185,204,193,171,178,186,183,174,165,157,164,186,164,169,160,158,141,142,159,131,137,133,126,140,130,113,117,136,137,111,114,122,129,111,114,127,98,121,97,107,104,100,116,124,91,104,98,84,86,94,84,85,100,113,80,96,84,93,77,73,77,73,86,74,84,84,57,83,68,67,69,68,58,79,69,64,57,70,65,74,55,67,67,59,69,55,66,65,48,66,45,52,49,49,52,63,67,59,55,58,60,36,34,41,52
60,53,60,61,53,43,64,51,109,314,959,1597,1668,1653,1533,1408,1339,1296,1219,1203,1183,1145,1094,1036,943,938,884,941,873,865,806,791,698,687,754,688,689,633,627,620,623,580,557,574,594,537,522,504,484,464,519,462,481,432,427,433,442,407,444,404,423,399,421,373,324,368,344,337,409,325,321,331,345,353,306,288,289,313,278,302,262,260,269,279,263,243,260,257,266,240,229,232,219,225,236,194,200,202,231,174,174,192,200,217,190,157,167,183,176,182,145,142,168,172,135,165,158,150,166,165,144,144,137,155,143,140,156,146,132,156,120,131,120,129,126,118,117,123,103,116,97,116,121,96,92,105,91,104,108,94,114,89,101,106,101,100,92,90,106,89,87,90,81,96,77,92,73,77,95,77,71,84,79,81,74,75,64,66,79,60,63,72,64,74,68,72,69,68,68,56,68,58,52,63,46,49,61,51,42,56
48,43,52,47,62,46,43,57,113,263,876,1450,1560,1421,1417,1345,1203,1227,1152,1112,1046,1021,967,924,888,875,898,813,775,736,747,708,670,653,696,657,640,584,640,599,576,585,537,544,565,527,492,496,480,483,486,461,442,409,421,443,421,417,460,375,385,348,366,316,357,324,350,367,336,332,313,292,299,306,275,276,273,298,299,283,255,258,234,223,255,242,223,241,216,229,215,253,216,217,229,248,208,208,201,214,220,200,171,180,193,171,190,169,148,157,167,154,168,144,146,146,152,175,139,154,151,124,157,161,143,133,126,141,113,123,112,125,132,115,100,126,108,111,101,84,114,123,75,100,92,93,86,103,97,99,88,90,85,82,90,88,83,82,88,85,80,92,81,86,82,79,85,87,72,71,79,71,65,73,50,70,77,60,75,61,73,58,65,59,59,67,62,65,54,41,65,39,52,63,52,42,46,50,57,62
37,44,48,45,39,46,53,54,95,288,847,1382,1410,1368,1352,1240,1235,1096,1100,1077,983,935,939,878,884,855,815,813,730,743,697,671,655,672,696,628,633,586,556,574,520,529,517,507,529,519,462,458,432,443,455,376,414,400,444,412,388,349,377,361,389,321,327,359,322,330,338,285,317,314,283,287,309,310,264,282,286,284,241,257,249,238,252,251,242,231,232,238,201,231,223,211,212,209,233,200,197,205,163,191,163,189,184,207,174,169,162,167,152,180,156,148,128,154,141,160,132,134,158,122,126,116,146,154,121,133,120,127,132,116,131,105,116,119,123,98,102,128,111,103,112,112,106,108,96,104,112,98,95,82,83,84,77,69,89,71,82,95,79,87,73,87,86,70,80,71,81,73,82,66,77,76,66,74,73,60,60,68,63,56,69,64,61,48,70,62,50,52,69,56,64,63,64,55,56,61,63,46,58,50
42,56,42,43,43,50,44,45,86,256,804,1318,1416,1378,1201,1112,1096,1022,1007,1001,951,893,908,885,844,769,675,722,705,646,659,598,618,591,581,561,572,545,509,515,469,474,500,495,463,453,466,473,454,397,413,410,382,386,373,352,380,368,368,323,329,341,315,327,312,305,338,303,301,298,258,239,262,262,265,253,255,230,233,245,236,226,224,233,216,231,206,205,221,189,217,184,199,193,199,181,195,197,161,171,161,177,198,162,173,136,152,170,165,138,150,151,147,150,124,148,128,146,132,120,112,120,129,135,130,112,124,106,122,94,116,117,118,113,97,107,99,100,101,82,96,104,90,91,89,96,85,108,90,74,86,78,83,77,82,92,88,82,89,82,90,88,60,71,69,66,86,79,69,71,68,59,60,72,58,56,52,55,50,59,74,71,65,57,65,61,47,51,47,51,51,41,47,46,45,54,59,50,43,57
55,44,44,39,39,41,37,51,110,251,737,1271,1343,1275,1172,1099,1102,1111,981,952,959,889,849,858,800,785,719,706,725,664,642,575,617,566,577,582,572,551,535,495,477,464,501,469,438,447,446,411,432,412,406,402,393,350,346,377,351,359,336,339,326,342,319,337,337,281,304,294,336,290,258,276,253,287,262,222,218,293,221,234,236,199,256,219,205,204,220,207,179,224,189,223,177,200,173,183,193,177,179,191,159,187,158,154,167,151,154,142,169,147,149,132,132,155,136,130,141,132,136,119,122,130,108,98,126,119,117,125,113,88,99,106,111,111,104,102,97,102,103,106,96,93,80,109,86,71,93,82,88,78,72,71,69,71,76,72,76,75,82,70,71,86,68,63,73,63,58,72,78,73,72,71,69,72,62,65,52,58,47,60,59,45,48,55,50,47,49,62,46,55,51,49,53,53,43,46,37,47,49,53
39,51,49,47,45,32,49,47,85,261,787,1292,1364,1254,1137,1099,981,994,998,912,940,880,806,810,778,756,704,692,716,603,634,642,605,589,570,554,530,510,520,509,498,493,470,471,407,423,425,416,426,376,377,425,378,361,348,369,379,372,365,333,278,339,325,317,299,283,270,287,265,265,271,261,258,242,243,237,249,240,247,255,210,232,245,197,228,216,214,204,223,201,208,202,170,191,176,180,180,177,171,174,175,151,139,169,139,166,178,128,157,174,149,129,128,154,135,130,136,112,125,125,121,127,123,128,116,98,110,104,96,104,113,104,106,99,110,101,102,109,100,105,95,99,91,75,79,89,93,82,91,84,74,80,90,89,78,78,92,68,70,55,83,73,63,66,76,82,55,68,59,63,70,63,54,61,61,55,66,61,58,64,56,66,68,59,60,55,52,63,51,51,50,56,50,55,50,40,53,41,41,47
48,45,49,45,43,59,46,64,88,261,810,1307,1401,1282,1264,1115,1082,1024,1021,922,945,898,871,872,808,773,763,735,708,672,674,622,638,647,618,540,576,553,534,532,512,519,534,486,418,437,420,451,456,397,431,391,419,413,384,399,388,359,376,365,304,293,348,343,341,321,308,305,283,306,271,273,292,301,262,238,285,264,235,267,261,259,220,247,202,211,196,197,225,214,201,221,184,214,199,207,191,167,170,183,149,183,171,177,172,175,165,165,157,158,164,170,129,164,144,139,152,113,135,134,129,139,117,132,112,128,98,115,97,130,119,121,124,100,131,106,91,102,116,99,98,109,98,87,94,88,88,85,103,74,99,70,82,72,98,83,69,73,60,62,88,87,72,70,76,73,65,72,68,72,55,66,67,70,69,63,70,62,61,52,61,57,55,61,70,57,58,55,56,60,54,53,48,54,43,37,41,51,43,41
47,50,38,47,51,57,48,50,85,252,761,1364,1441,1350,1237,1167,1166,1068,993,1051,990,914,845,866,776,811,742,699,698,659,681,634,622,645,614,542,571,530,547,519,546,485,509,520,497,490,452,488,455,424,405,421,414,415,387,391,363,363,347,321,337,336,336,302,329,334,322,299,293,306,283,281,250,300,286,284,218,236,258,250,244,229,242,227,220,240,223,204,232,217,206,216,192,201,199,182,175,184,180,161,167,191,174,169,161,171,166,159,147,175,126,124,150,151,150,134,139,140,147,127,150,112,124,146,130,112,105,130,109,115,115,104,107,106,132,104,115,98,106,102,97,105,116,94,97,87,92,99,96,71,91,77,75,87,82,80,77,89,83,66,75,65,74,72,58,66,63,67,91,72,79,64,67,63,75,78,53,63,61,52,46,69,60,53,69,50,63,50,60,40,46,51,43,54,46,46,48,48,44,48
42,42,43,42,43,52,44,60,81,279,800,1360,1480,1339,1273,1166,1132,1067,1045,953,944,970,896,861,780,793,799,700,704,728,677,656,649,644,580,547,550,527,504,540,490,519,529,473,475,458,493,442,475,416,401,390,409,383,408,381,402,372,350,358,367,353,331,349,327,328,309,290,299,290,282,297,294,278,294,294,291,255,265,262,238,266,256,253,225,236,235,232,234,227,192,202,208,185,198,179,204,190,173,181,183,184,164,182,141,153,149,151,148,138,131,137,142,149,144,129,136,152,131,118,142,110,136,124,123,121,118,89,113,129,119,114,120,116,100,105,107,101,94,108,96,106,82,73,86,78,78,89,93,88,76,102,90,80,77,77,80,72,85,73,76,86,77,77,72,66,83,81,68,68,66,82,66,71,68,51,57,56,68,61,63,60,58,56,52,73,64,55,37,56,59,65,47,36,47,46,54,48,45,40
42,49,40,47,62,40,41,65,95,253,791,1397,1396,1359,1284,1176,1011,1093,1046,974,996,888,841,824,829,845,762,727,673,667,664,664,640,593,591,588,549,551,556,569,511,520,511,427,461,462,456,439,413,406,403,412,413,394,394,400,374,337,348,325,313,340,328,348,322,300,326,326,299,315,285,296,257,275,263,261,261,248,272,256,247,245,245,250,240,239,212,227,222,209,218,182,205,195,208,195,192,173,169,189,157,180,155,155,154,151,155,167,131,160,139,176,146,169,139,118,132,141,114,121,124,118,116,121,127,134,135,109,125,133,122,108,121,97,105,111,118,87,93,98,117,117,93,82,93,100,81,99,100,93,90,80,77,78,83,95,77,72,72,93,72,75,56,72,90,60,65,79,69,72,60,61,66,63,61,53,63,46,61,63,65,69,55,53,59,62,58,52,49,46,53,59,66,59,51,57,56,39,57,42
41,45,48,49,37,45,49,59,82,266,782,1259,1424,1382,1283,1167,1147,1040,1035,1019,986,944,892,862,892,824,770,721,719,709,733,681,601,645,618,532,573,549,563,513,497,535,502,502,445,474,431,443,429,432,469,434,418,389,392,361,367,380,352,322,350,352,362,304,343,320,333,292,343,294,335,277,267,248,290,277,249,258,252,222,258,228,238,219,200,205,257,218,205,224,224,207,208,199,178,202,180,207,178,170,189,171,175,174,162,186,150,141,170,143,187,140,139,153,139,142,127,124,142,136,137,118,148,133,125,98,94,121,132,131,124,127,98,118,130,113,100,108,79,93,113,94,97,108,76,92,126,96,96,99,83,97,90,78,82,83,77,85,82,65,80,81,86,73,80,74,59,60,75,66,62,60,66,71,76,64,56,72,65,44,62,58,62,66,52,43,58,54,53,45,55,47,56,54,52,55,43,46,58,55
56,51,47,42,53,48,30,50,99,267,777,1289,1348,1189,1247,1103,1037,998,977,983,888,827,892,805,763,750,778,736,667,659,603,622,553,574,565,564,570,540,538,475,470,491,509,441,474,474,427,432,398,394,433,383,374,395,370,364,368,332,323,330,361,315,341,329,294,303,302,273,280,287,301,252,242,242,235,238,245,237,253,195,237,241,225,209,215,214,217,212,199,193,185,220,220,176,212,180,186,183,173,146,167,172,189,163,153,137,166,153,145,113,138,141,130,153,126,140,150,154,119,115,132,120,125,136,128,115,104,97,116,123,135,103,89,90,108,88,108,94,88,101,100,85,85,96,84,96,97,99,78,83,84,82,87,63,97,70,82,122,77,62,68,76,67,80,76,65,68,66,55,61,64,57,54,59,57,51,61,61,59,51,51,57,47,53,44,49,54,51,59,47,48,47,57,49,50,48,67,31,40,45
54,41,51,59,50,51,50,47,97,259,741,1417,1441,1417,1234,1187,1164,1140,1060,984,955,929,890,880,813,745,794,760,736,733,652,614,607,640,600,619,582,560,508,523,548,485,442,507,512,445,447,444,435,470,471,431,391,433,393,385,363,342,354,379,346,352,370,349,298,313,319,297,293,271,288,261,276,282,252,285,242,233,232,261,240,249,256,227,214,245,180,214,230,223,205,210,184,214,202,215,193,176,172,193,174,158,178,148,159,158,149,162,173,144,161,145,159,141,165,129,148,133,137,140,123,144,142,139,130,125,134,112,120,115,88,123,111,100,112,119,97,103,98,121,106,96,101,90,96,96,84,90,90,89,81,67,83,100,92,84,81,74,73,87,72,65,90,63,80,64,88,86,70,65,52,75,82,53,76,63,60,62,58,79,66,54,48,58,64,66,46,64,59,69,54,51,47,51,63,56,51,51,49,59
40,49,43,53,36,34,42,59,76,257,740,1285,1403,1320,1265,1176,1056,1063,931,997,964,925,849,808,802,780,712,733,692,670,626,639,624,585,559,544,564,564,498,540,491,497,476,477,456,462,447,457,379,439,404,461,437,370,371,386,347,343,346,344,326,344,329,286,292,303,323,314,299,286,294,285,267,258,265,265,238,245,234,262,241,211,236,230,211,227,198,233,177,223,195,214,201,183,209,181,213,208,176,183,156,166,172,168,160,141,157,132,140,124,159,145,125,136,132,145,144,141,118,128,142,126,115,110,102,112,116,107,118,98,104,118,96,122,116,103,97,93,104,84,101,102,111,99,90,103,87,80,77,104,95,81,84,97,69,83,86,80,80,75,69,83,76,85,64,75,72,81,68,50,67,75,71,65,70,60,58,55,62,49,75,63,58,65,48,40,49,64,61,42,50,50,45,38,47,50,48,49,45,40
37,54,42,35,45,40,29,60,101,214,783,1310,1430,1349,1228,1161,1099,1092,1008,962,964,942,901,846,873,814,832,747,764,687,681,636,631,663,635,589,585,587,566,570,521,548,511,487,460,467,496,453,433,489,403,417,372,420,405,398,377,381,378,389,343,361,330,314,319,314,311,285,282,287,318,263,246,303,270,286,252,253,248,263,246,224,247,235,248,201,205,219,227,231,203,213,219,212,208,198,186,211,162,197,202,176,156,180,148,172,175,139,149,151,145,147,119,161,147,151,122,123,138,132,141,123,133,110,110,145,125,121,115,110,105,132,111,108,102,104,115,116,112,92,101,97,78,98,99,95,100,80,88,86,71,80,80,101,83,93,76,77,84,67,88,85,61,67,87,67,69,65,75,59,81,68,61,48,67,54,68,65,62,63,55,69,66,56,65,63,54,50,51,55,44,46,49,42,40,50,45,42,56,48
46,37,46,40,45,45,40,42,88,253,722,1240,1350,1267,1136,1077,1124,999,895,960,901,815,846,799,722,713,664,704,662,636,658,574,561,582,563,544,541,525,465,507,493,492,473,452,437,431,445,451,376,394,368,406,375,402,374,350,362,399,346,340,299,318,288,298,320,263,282,328,274,264,237,275,258,254,233,267,234,225,233,227,247,212,241,184,183,205,210,195,195,189,193,183,198,192,188,154,192,160,148,177,146,163,146,154,158,135,135,145,126,136,117,148,142,154,128,131,133,125,133,125,119,130,102,111,109,125,111,115,121,92,108,107,104,103,119,85,88,93,87,87,97,93,96,91,73,82,78,71,97,99,75,76,70,72,74,77,76,52,83,79,64,74,77,73,69,68,70,53,62,59,70,50,60,60,47,51,59,53,52,46,48,55,49,50,52,38,48,56,60,45,46,42,38,44,33,43,44,49,57,42
47,40,50,41,36,45,45,58,82,263,759,1275,1367,1314,1198,1157,1036,1031,950,932,928,914,880,875,821,758,779,685,672,659,697,597,593,578,587,543,537,543,498,530,502,492,521,459,462,498,447,403,439,432,405,398,415,376,371,379,385,368,358,329,321,304,331,325,297,299,311,295,263,308,271,281,280,247,268,283,248,238,238,250,257,234,239,191,233,184,210,229,207,228,191,185,169,173,200,198,189,177,190,164,159,138,160,149,165,158,151,156,141,168,140,137,135,142,145,132,154,113,142,141,133,126,125,118,107,121,112,107,122,121,120,113,102,105,102,93,114,93,96,97,107,89,99,93,93,82,100,65,94,103,82,81,83,77,84,84,58,86,82,71,76,65,71,62,76,58,58,69,59,62,79,47,61,64,63,66,64,65,72,50,62,42,75,57,56,52,50,62,53,56,52,44,54,51,41,55,46,59,48,47
47,63,42,37,51,58,54,44,88,261,800,1326,1449,1395,1170,1161,1108,1065,1002,916,946,938,854,830,837,731,831,783,699,708,653,618,656,613,578,575,585,552,586,507,509,513,533,477,485,460,428,429,441,458,400,405,441,376,389,365,357,367,357,342,355,336,334,354,319,369,324,277,317,278,286,259,267,260,247,285,260,247,274,273,248,264,222,241,246,238,204,198,198,193,226,206,199,190,180,161,200,187,171,187,173,175,201,143,179,161,184,163,170,148,165,140,156,116,152,138,138,152,119,125,117,135,127,129,130,125,126,122,119,130,106,111,120,93,119,102,105,100,99,84,91,97,104,97,86,96,69,88,86,89,97,91,84,84,82,88,92,85,79,88,81,76,85,63,82,75,70,54,66,83,90,69,81,62,55,64,62,48,66,52,54,49,73,65,54,57,51,67,79,54,43,63,59,56,46,55,49,42,48,52
38,44,45,55,40,47,38,51,81,265,793,1321,1348,1282,1197,1128,1113,1019,917,957,895,927,827,881,728,705,742,707,739,641,696,653,623,608,597,570,550,514,534,537,476,484,449,496,467,465,485,420,401,427,432,382,383,416,407,381,382,361,349,367,318,331,312,335,311,295,289,265,290,284,304,278,294,296,243,243,259,245,248,226,224,224,240,246,191,210,220,225,207,223,208,189,176,203,203,199,165,182,189,160,171,176,177,155,148,153,162,128,149,162,148,133,139,148,137,126,136,133,128,131,124,132,134,137,112,122,122,115,113,106,114,123,115,129,103,111,93,92,114,70,93,109,112,89,100,90,66,87,86,84,83,78,95,76,77,82,75,61,74,70,86,79,83,69,82,61,79,69,59,50,72,70,53,64,70,64,65,51,59,49,60,67,55,62,66,41,62,60,52,51,46,58,45,56,41,43,48,52,48,54
42,44,37,32,43,41,48,54,94,280,717,1312,1372,1213,1230,1113,1038,1068,1003,959,899,858,844,807,782,773,744,692,685,646,590,609,573,550,566,596,532,556,496,513,492,490,445,468,462,500,469,424,422,384,380,399,385,418,358,353,346,366,366,352,383,329,314,297,323,316,290,295,296,276,297,246,268,280,272,240,248,239,255,247,220,236,216,252,197,221,210,203,174,201,176,189,201,195,201,180,177,172,158,173,164,163,164,156,167,163,130,162,143,157,123,155,116,139,138,141,132,121,136,120,116,115,131,123,134,115,112,102,122,123,102,88,110,101,119,89,102,98,89,85,91,79,102,80,92,92,93,95,105,68,99,80,80,79,73,76,77,76,80,69,75,71,60,66,64,55,71,60,66,60,59,76,64,57,62,68,60,66,61,69,53,67,39,52,56,45,53,55,65,67,49,50,45,49,46,53,44,41,41,52
44,47,49,38,41,52,49,48,92,241,726,1341,1388,1297,1245,1197,1110,1036,1002,974,928,888,879,792,802,774,768,755,689,669,649,630,642,609,571,596,585,571,525,499,497,502,481,455,471,448,446,463,423,448,387,415,396,409,366,384,336,380,336,350,332,352,338,332,312,291,353,315,288,277,273,287,285,279,292,250,235,230,230,239,246,256,237,246,244,229,240,186,224,184,185,196,214,173,204,201,175,204,153,183,190,172,163,155,170,156,154,162,163,164,168,138,155,133,156,136,150,140,131,121,105,123,124,136,121,117,131,103,113,136,94,106,97,94,116,94,110,93,110,97,83,96,122,108,85,92,86,93,88,75,78,99,82,84,74,90,93,78,69,83,82,79,83,74,72,64,56,70,63,67,62,71,71,46,64,64,57,68,47,70,67,53,59,62,57,55,56,59,69,54,50,60,51,59,52,50,64,53,52,38
51,47,45,40,33,52,46,51,101,274,723,1248,1342,1261,1197,1177,1049,979,963,912,902,897,825,865,762,708,748,723,677,645,641,586,659,561,611,566,543,507,538,493,496,530,483,428,449,447,450,433,419,397,374,386,401,374,368,390,362,332,344,326,345,332,320,319,296,283,299,291,280,264,285,300,274,274,260,264,247,231,259,237,254,215,222,212,212,210,198,207,219,208,188,218,169,180,187,160,193,175,165,155,191,159,165,170,170,170,165,153,160,129,156,145,122,136,147,129,138,136,141,143,127,115,105,108,107,95,103,107,91,114,103,104,111,99,99,105,103,108,106,99,87,98,114,98,84,79,92,110,87,77,86,72,88,76,59,77,80,87,78,73,79,76,81,54,72,68,72,78,64,68,82,67,50,69,51,52,58,66,42,52,51,64,49,68,57,66,52,52,47,41,53,45,56,36,44,44,38,54,40,48
37,43,37,36,41,27,36,60,91,236,743,1269,1338,1173,1107,1087,983,978,963,895,873,798,830,788,723,721,715,693,664,638,586,598,597,525,539,571,527,489,474,474,463,449,438,428,430,388,438,422,393,373,366,385,371,357,334,348,364,331,306,333,305,306,300,304,290,283,272,277,253,274,254,250,257,270,246,242,238,235,228,229,213,211,213,234,193,186,198,208,195,218,182,175,181,169,181,166,171,165,179,166,166,164,143,158,159,153,152,160,134,165,144,138,140,140,142,130,139,127,119,127,127,118,130,123,100,125,110,113,123,134,100,88,117,99,101,87,102,109,91,76,84,103,91,85,85,71,75,72,66,89,74,75,76,87,76,66,89,71,56,73,87,74,62,83,68,74,55,68,60,58,67,53,50,55,59,49,75,69,47,65,60,51,60,46,56,48,51,47,45,56,45,42,35,39,43,55,29,44,50,45
45,36,48,50,36,37,35,48,74,265,719,1229,1344,1264,1127,1068,1038,955,943,909,848,895,850,779,780,700,733,697,666,670,631,636,611,542,544,544,545,533,526,512,473,486,458,468,459,394,441,407,387,411,399,390,409,405,390,343,322,344,357,336,295,326,306,288,318,280,264,293,254,254,258,266,263,238,272,246,231,213,233,237,222,195,206,202,229,191,211,183,180,209,181,187,185,188,179,169,173,180,166,168,163,131,153,180,175,161,142,125,128,165,136,144,155,120,124,139,102,135,115,115,112,117,129,111,103,111,139,105,106,116,106,120,93,100,114,105,97,95,93,90,118,80,83,77,95,88,74,88,75,62,87,81,71,69,69,84,85,80,79,74,70,80,85,84,77,67,56,67,63,56,62,50,57,69,62,43,56,65,55,60,44,70,59,53,51,45,63,64,52,56,52,47,46,42,53,48,51,44,41,39
28,38,53,42,47,46,45,51,82,244,760,1319,1441,1224,1207,1096,1034,1012,967,943,953,887,870,819,833,769,728,715,671,690,642,623,593,628,614,554,545,538,517,474,474,485,507,455,463,445,420,428,422,390,413,418,364,380,378,395,361,350,353,334,345,341,318,342,281,318,308,272,275,284,272,308,269,262,276,265,227,283,233,238,257,244,222,189,217,203,203,190,203,195,208,189,192,201,179,202,167,192,161,166,176,165,165,194,145,169,150,154,147,144,127,148,148,137,108,143,147,131,112,134,154,111,123,143,115,108,131,115,100,124,116,113,103,102,115,84,101,87,107,85,88,98,123,88,88,89,78,92,102,68,85,86,81,76,83,87,97,85,68,84,85,77,66,72,68,68,63,65,66,64,61,52,65,66,55,49,65,56,63,64,57,64,55,56,55,52,47,42,42,63,54,50,43,41,49,46,39,43,41,41
37,38,31,46,48,43,25,41,75,260,677,1278,1368,1249,1099,1026,1066,938,941,907,843,799,838,774,724,727,668,654,615,635,613,604,554,532,563,522,511,517,501,482,462,481,445,433,437,412,434,386,401,412,364,370,359,371,362,314,357,351,326,321,317,306,309,305,289,311,303,273,282,246,252,256,259,249,230,274,215,205,247,236,206,219,189,195,196,236,189,203,210,195,180,167,179,179,184,171,195,150,167,156,147,151,161,167,127,153,128,150,122,131,150,138,144,131,145,120,123,112,123,132,118,127,104,110,117,121,112,99,103,102,111,112,92,100,92,98,100,80,81,100,91,95,83,73,69,68,86,75,79,86,81,67,74,67,72,96,68,90,79,71,58,77,57,61,55,54,59,71,43,57,63,63,56,53,67,65,63,68,51,53,58,55,55,40,60,38,47,40,55,39,46,40,39,50,45,36,46,38,47,44
42,36,45,39,44,43,39,39,79,241,698,1242,1271,1218,1102,1094,967,990,914,867,848,893,820,791,727,712,655,692,611,670,576,600,593,559,551,570,492,455,478,465,454,472,414,481,412,414,404,403,377,366,426,389,356,324,352,335,371,350,301,318,331,334,305,278,288,308,263,277,266,237,250,294,253,237,242,259,223,245,231,245,205,190,213,207,204,195,202,210,208,183,199,178,182,197,196,184,170,159,170,155,180,190,159,141,151,139,155,139,144,141,145,141,116,122,135,103,109,104,130,109,120,122,112,99,101,83,108,99,110,107,80,114,112,102,100,97,95,86,94,92,91,61,84,94,81,90,88,89,72,85,64,84,75,95,88,66,74,73,74,70,73,64,73,71,64,53,63,56,69,62,50,60,50,55,64,69,54,65,52,62,50,47,51,58,54,61,39,45,47,57,57,48,50,51,35,45,38,35,49,49
25,28,28,35,30,38,17,48,65,196,589,1035,1074,935,943,872,888,801,753,727,696,675,650,630,581,608,558,566,513,492,475,472,473,457,453,441,401,431,363,423,358,379,348,371,358,371,343,318,335,263,321,334,288,292,275,283,267,300,279,239,277,252,258,244,214,240,211,255,210,212,194,195,202,225,168,182,170,178,172,158,180,190,172,144,162,170,153,167,136,156,142,157,132,131,139,150,161,134,138,143,127,147,131,138,120,118,118,110,108,113,98,103,90,100,75,95,100,124,119,115,111,84,114,100,112,79,81,80,78,102,89,91,71,85,93,71,75,70,84,72,79,62,66,68,79,75,60,61,62,63,68,69,70,61,53,51,64,61,51,56,57,56,46,51,50,49,50,54,45,49,45,41,50,35,50,47,48,46,48,34,46,45,62,39,45,42,41,34,38,35,37,40,41,33,37,41,31,53,27,33
53,48,32,53,49,50,53,48,103,285,806,1392,1466,1386,1281,1290,1118,1066,1062,1079,984,965,941,860,869,797,805,747,743,732,674,687,631,638,609,572,598,587,550,580,541,513,481,490,424,479,467,423,468,412,468,426,417,391,405,361,374,379,378,392,354,344,335,331,344,323,293,328,304,310,297,284,318,295,278,254,275,250,272,244,250,252,219,239,221,231,212,232,205,197,211,211,207,204,180,224,173,186,172,181,167,171,178,191,158,191,168,146,159,156,173,179,148,129,124,158,141,142,135,150,126,130,142,132,126,121,119,127,126,128,113,101,122,118,98,113,110,101,104,117,96,91,82,92,82,101,102,81,87,89,100,76,82,86,92,93,64,79,89,82,62,78,87,73,84,74,69,71,67,79,65,73,74,56,58,56,54,60,83,69,61,53,56,61,55,55,44,45,57,55,64,46,58,61,57,54,48,39,56,53
48,57,49,45,55,52,46,70,112,293,887,1557,1809,1708,1655,1667,1529,1396,1277,1331,1191,1203,1128,1120,1062,1038,984,929,971,919,821,890,821,815,734,707,710,711,654,634,633,612,574,598,564,547,587,561,516,515,561,525,509,499,490,476,433,437,402,411,435,425,423,395,392,367,381,357,362,327,338,320,359,297,325,321,344,302,347,285,294,285,274,269,268,287,261,260,266,236,241,214,241,272,224,184,202,198,221,216,225,185,194,199,210,178,172,196,182,193,151,173,169,170,166,181,156,154,153,174,140,155,147,163,147,151,155,160,127,136,138,123,127,126,150,113,121,137,105,104,130,120,118,102,94,104,102,111,101,98,112,95,111,109,103,115,104,76,100,94,103,80,102,67,77,88,101,82,91,64,78,76,82,75,84,83,68,76,67,74,59,66,74,59,55,60,77,59,66,53,60,59,70,57,54,74,62,54,47,51
53,44,54,45,53,49,33,68,78,280,784,1335,1493,1427,1305,1179,1220,1104,1090,1005,1002,970,949,940,887,891,754,798,771,708,683,702,701,661,614,608,555,600,616,534,549,563,518,494,502,479,447,485,466,467,432,431,458,405,407,392,398,431,381,361,361,330,369,371,347,324,310,318,311,311,317,284,287,283,288,279,266,254,248,272,236,259,229,264,229,230,231,203,216,207,218,199,198,201,211,181,197,200,187,172,204,183,165,182,177,129,152,174,160,157,139,145,154,143,143,139,150,154,155,130,143,135,145,137,149,139,123,131,135,147,126,135,115,118,115,101,122,112,110,101,108,125,92,106,86,86,82,87,99,83,113,85,98,83,72,73,76,88,87,74,89,64,72,77,79,93,88,77,66,84,62,69,59,73,61,68,65,49,61,65,54,59,62,53,70,60,63,65,50,57,46,49,49,41,43,49,48,58,56,53
45,53,44,36,38,41,45,40,91,241,745,1340,1390,1331,1258,1158,1167,1008,1035,1006,956,953,894,864,832,793,829,780,748,662,681,668,591,610,590,547,624,503,574,548,530,517,453,503,457,468,409,459,429,415,408,420,390,395,378,368,329,337,356,334,339,346,339,351,319,294,298,320,295,289,296,308,278,292,272,253,247,256,247,244,253,236,239,198,231,220,200,194,198,205,194,190,198,200,192,160,185,172,199,197,182,174,157,175,143,163,157,148,160,159,152,152,137,139,117,157,144,132,146,132,137,134,127,125,113,115,128,111,111,123,130,112,116,96,114,98,91,118,90,94,113,86,94,101,111,97,73,73,94,85,102,101,96,78,77,66,86,84,80,73,63,65,73,66,65,80,67,69,56,63,69,71,62,68,69,65,67,69,58,51,61,69,50,70,45,64,70,43,64,67,55,58,44,50,51,56,42,49,51,60
47,34,46,47,47,40,35,79,88,238,738,1347,1336,1276,1199,1143,1086,1018,995,981,949,864,876,806,737,757,781,710,701,678,659,660,572,572,568,546,579,544,542,508,485,511,511,470,457,403,450,452,425,431,418,378,374,381,397,327,383,362,334,342,313,309,342,298,301,285,330,315,262,314,273,289,269,239,264,253,253,251,219,230,217,201,222,267,228,204,209,200,207,181,209,200,192,189,189,171,180,179,152,177,170,152,174,176,176,174,128,147,148,142,125,157,144,133,120,151,145,129,125,135,115,128,116,111,119,112,132,105,109,123,108,132,114,92,112,107,91,114,98,86,100,97,99,90,101,72,75,76,85,85,77,84,81,83,89,85,79,79,77,85,73,69,61,69,63,61,71,62,78,63,60,61,65,69,67,56,64,78,55,63,50,55,53,56,48,47,57,60,59,51,57,49,45,53,39,67,51,44,30,55
31,32,24,24,27,22,20,27,44,133,416,702,724,703,646,573,606,560,506,529,480,475,499,449,431,416,427,400,352,345,362,314,350,336,302,293,333,292,327,256,311,275,275,281,242,244,250,239,236,221,204,235,213,209,193,172,213,207,180,192,168,208,184,153,166,166,174,201,159,134,164,142,130,139,151,147,146,138,94,115,135,131,134,119,122,112,107,128,94,110,104,108,108,103,85,84,86,101,88,69,83,74,86,103,88,82,99,92,72,85,81,73,67,69,71,71,81,83,77,63,72,67,61,66,60,51,67,62,68,55,75,54,64,57,55,65,51,58,55,48,53,47,43,53,42,46,43,54,40,43,53,55,53,53,33,47,44,47,39,42,34,39,34,49,46,29,30,41,24,47,37,42,23,43,31,40,43,31,30,30,19,33,30,28,29,37,24,42,39,25,40,19,22,35,31,26,26,21,27,22
35,30,36,31,31,19,26,31,56,147,508,880,864,884,736,725,745,672,630,647,616,610,522,558,518,492,487,474,440,463,453,422,405,400,423,387,371,342,339,332,315,341,296,331,295,282,279,291,276,305,249,253,244,219,242,235,234,220,245,214,227,211,209,219,226,215,195,194,205,186,182,178,177,163,167,180,156,158,156,153,161,141,145,151,146,137,125,143,130,125,152,143,137,112,119,138,118,127,114,114,110,94,123,94,114,112,108,96,100,91,90,88,97,100,79,76,81,79,83,90,80,88,81,93,74,85,68,69,68,72,71,89,73,78,76,75,60,73,78,56,54,60,72,62,78,60,66,59,51,63,53,58,65,61,57,47,50,50,39,47,61,35,44,38,33,59,41,47,40,51,48,56,38,39,34,36,35,44,40,33,31,42,32,45,37,35,38,44,34,27,37,35,44,34,26,29,32,27,35,29
22,16,15,28,18,26,24,18,37,128,299,587,570,563,536,500,470,417,451,378,386,368,416,374,362,333,340,309,300,300,265,258,228,302,247,261,265,221,224,228,204,182,228,205,187,184,187,200,197,179,183,183,171,168,163,170,156,149,148,152,158,151,131,137,143,130,126,118,120,134,112,112,115,116,107,119,116,121,113,102,95,105,87,121,83,94,91,86,86,89,92,67,72,81,73,67,76,91,75,60,71,70,69,70,66,65,62,69,60,73,62,68,71,63,62,54,65,55,54,66,50,58,56,61,50,52,53,50,65,51,51,51,42,36,43,45,50,49,42,35,26,36,41,34,35,38,48,32,39,39,25,32,33,29,29,35,37,32,20,32,40,27,29,27,25,30,26,25,34,25,24,29,47,33,24,33,22,29,29,27,22,30,29,19,31,25,17,22,19,21,28,18,19,17,12,23,23,17,16,27
69,58,65,66,56,51,57,59,110,333,941,1656,1872,1711,1662,1490,1470,1389,1366,1302,1275,1248,1142,1128,1093,1053,1001,958,937,898,829,890,882,784,739,736,716,719,671,647,647,598,619,616,617,575,584,558,594,558,531,489,497,449,490,489,487,445,430,429,457,416,385,395,400,376,378,369,352,366,343,358,338,359,348,356,333,324,309,297,293,310,285,283,277,280,249,289,276,262,244,280,252,252,228,215,222,210,226,212,198,198,209,192,208,209,189,217,177,199,165,173,183,170,195,170,179,168,185,170,170,160,172,140,133,146,143,144,152,126,175,125,98,141,131,151,135,126,142,119,120,117,120,116,106,101,128,117,95,101,113,105,131,107,108,91,102,93,86,128,89,85,95,89,90,97,87,97,100,88,86,84,71,73,82,80,79,74,84,80,69,64,75,62,74,74,76,80,77,50,62,68,62,53,59,49,58,66,62,50
50,48,54,55,48,45,41,53,101,248,851,1431,1485,1405,1339,1250,1205,1222,1119,1105,1098,986,981,970,925,935,917,819,743,774,705,702,737,672,699,637,626,583,615,595,563,539,525,539,505,484,494,496,469,460,447,463,464,405,429,410,389,386,434,384,364,352,393,341,325,373,319,304,324,296,296,334,302,299,306,309,269,286,286,276,246,258,279,228,257,246,239,220,236,211,198,217,205,233,224,211,240,185,206,213,188,183,160,168,184,146,169,158,175,166,189,162,162,151,184,161,140,140,132,143,145,129,126,133,134,119,134,140,122,117,120,117,122,113,114,106,95,111,112,101,112,126,105,110,96,101,102,106,112,88,95,104,82,80,104,85,83,99,90,69,82,82,78,73,80,92,80,60,92,63,80,80,74,62,51,69,63,69,63,75,59,64,47,63,52,64,75,67,62,61,60,64,50,61,51,47,49,53,56,48
45,40,44,38,34,52,44,42,90,264,844,1392,1416,1331,1225,1158,1033,991,999,1027,956,947,898,880,824,786,761,718,710,646,702,654,594,603,599,574,571,515,553,510,495,500,483,490,486,478,467,437,419,417,440,399,423,391,359,376,362,387,348,346,355,365,328,315,335,316,286,305,307,288,290,236,271,282,257,249,240,241,239,231,241,255,238,224,239,217,215,185,218,209,217,215,176,193,193,184,199,163,169,195,170,177,160,154,167,149,174,147,149,132,156,148,130,154,124,127,147,146,126,120,138,118,113,107,106,118,84,113,118,115,128,116,106,113,89,92,98,108,95,92,95,98,91,100,118,97,91,80,85,80,74,84,76,95,87,79,91,64,91,70,84,68,61,69,92,65,86,74,62,71,74,70,57,68,79,65,64,56,55,43,59,47,54,78,56,50,62,44,55,60,67,46,55,42,44,50,56,43,37,49
47,47,47,52,42,42,35,50,87,276,743,1360,1367,1251,1246,1171,1102,1057,1036,1001,956,900,881,817,839,776,757,722,724,743,716,617,616,621,619,591,546,543,519,518,524,493,478,496,470,448,436,416,441,415,409,387,394,360,378,367,338,357,364,360,346,326,334,317,307,309,307,320,300,301,284,283,285,282,278,252,254,251,238,230,247,235,235,221,238,238,221,222,195,203,215,223,203,164,213,178,186,174,200,145,168,185,172,160,155,153,171,156,143,145,141,141,124,133,133,133,142,135,136,136,123,139,115,139,111,130,126,117,125,149,129,109,98,127,108,119,94,110,94,98,102,102,80,72,98,84,94,101,103,88,90,86,76,84,95,67,89,64,75,92,66,81,79,73,78,72,66,65,86,70,74,57,81,65,63,69,63,52,64,47,62,62,50,59,51,65,66,51,48,55,55,49,51,54,30,57,39,50,47,38
45,57,64,36,42,60,33,43,87,272,784,1355,1364,1388,1193,1142,1102,1033,1007,990,942,878,848,884,788,738,793,760,747,661,644,659,640,650,574,549,565,516,528,486,520,523,452,478,480,477,454,448,446,432,433,420,434,391,423,429,371,372,360,344,351,363,334,311,347,320,307,301,286,296,237,316,239,273,263,272,251,266,253,247,217,223,235,238,212,225,210,213,209,236,216,195,209,208,184,202,187,188,187,186,179,175,154,173,161,171,155,159,153,156,140,148,143,138,149,145,143,130,150,119,129,127,133,125,113,133,105,101,121,117,86,123,95,92,105,100,113,122,101,100,102,100,107,125,109,96,88,73,94,87,82,85,98,95,93,84,78,91,83,79,71,88,67,68,65,64,73,70,80,63,60,65,61,58,72,67,72,53,74,54,59,52,51,61,57,52,62,47,58,64,39,45,45,61,49,46,41,38,60,49
40,36,32,46,49,47,50,44,93,254,815,1305,1394,1254,1193,1136,1062,1009,940,987,962,936,859,846,794,772,700,734,690,696,683,625,608,623,595,578,566,538,542,521,510,490,473,478,510,463,435,415,399,418,410,402,404,405,373,350,376,373,361,339,379,335,361,340,323,281,298,316,307,287,304,267,275,249,246,259,277,242,265,246,210,219,237,210,222,202,209,196,227,201,219,220,210,191,199,166,184,166,168,171,177,175,168,186,166,155,184,139,176,167,163,160,139,158,135,139,151,128,139,142,148,117,127,133,106,114,124,138,113,120,107,120,116,117,111,112,119,98,114,97,98,86,88,100,91,76,88,83,89,84,95,85,77,88,83,84,85,69,92,79,89,75,82,78,72,54,61,82,77,80,64,73,57,59,61,71,69,53,70,63,52,69,45,72,61,65,54,40,56,49,48,44,42,59,49,49,56,42,43,48
42,21,54,36,39,41,39,52,83,270,721,1340,1302,1233,1167,1107,1072,1008,961,885,915,894,827,794,742,763,700,745,704,667,629,576,551,587,535,572,566,525,529,490,485,456,472,472,449,456,476,426,419,437,399,340,395,361,370,367,352,375,333,309,313,268,305,338,312,307,321,284,269,301,273,256,239,269,269,236,281,229,216,233,226,220,236,225,222,202,207,217,189,192,204,189,184,203,163,183,194,163,179,175,169,157,166,159,165,156,147,161,140,150,149,152,143,127,132,126,118,133,137,127,114,105,105,121,124,112,129,105,87,105,126,95,113,106,92,109,93,84,91,84,79,94,75,89,102,80,84,92,90,82,76,72,77,83,77,74,83,94,75,68,87,68,69,78,76,59,72,70,72,67,57,75,58,64,49,53,59,63,53,52,61,60,61,55,46,50,37,55,46,34,55,46,45,60,40,43,42,32,42,36
35,44,51,44,40,51,43,53,92,278,779,1333,1311,1328,1281,1191,1070,1040,1049,948,947,886,876,797,764,798,760,745,706,702,658,642,603,624,599,578,550,534,526,528,509,501,524,512,466,488,436,436,442,403,394,393,402,417,393,374,394,373,367,381,345,307,343,309,323,315,327,287,300,293,264,258,283,265,248,274,265,267,287,252,248,215,235,219,228,228,169,206,209,220,201,208,197,169,187,175,186,198,185,164,151,182,179,151,167,151,161,169,156,139,135,159,154,129,152,136,117,155,131,125,138,128,123,135,134,118,131,100,114,111,121,106,111,119,141,144,107,97,101,91,95,85,94,97,92,97,96,88,104,87,99,94,79,87,69,82,87,77,77,67,61,75,67,71,66,71,82,61,63,68,61,60,70,63,65,65,61,66,60,57,57,58,50,51,55,51,48,79,55,44,57,54,55,68,44,49,36,56,51,50
46,41,56,41,44,36,37,55,97,275,694,1201,1255,1253,1125,1135,1018,996,906,908,856,808,819,768,796,723,687,665,632,644,611,599,598,576,531,567,507,522,480,501,482,471,475,409,434,422,424,382,409,399,388,386,345,363,389,347,337,311,329,333,331,287,293,302,309,291,268,309,292,262,245,219,261,237,260,279,253,229,245,234,239,204,213,200,237,222,176,183,207,172,155,196,174,202,169,169,182,178,160,149,160,175,146,157,153,140,149,146,147,148,160,155,147,117,146,140,126,142,114,121,110,127,107,115,122,109,98,127,115,115,127,97,107,98,93,95,99,102,86,104,101,92,88,71,95,95,79,82,78,92,93,68,66,81,78,83,79,73,80,77,63,65,76,75,86,82,76,58,46,62,69,66,55,67,58,62,57,51,69,65,49,57,50,63,58,51,49,50,44,40,42,45,48,48,51,45,45,44,45,43
45,45,38,47,48,38,40,39,78,242,751,1291,1193,1175,1081,1064,975,925,937,825,769,814,816,731,697,694,693,644,612,634,613,603,550,545,536,547,527,505,452,492,416,478,443,408,400,437,418,411,410,394,411,412,350,336,352,369,302,337,325,310,302,281,304,305,303,307,281,269,281,266,272,279,251,258,254,242,215,202,211,212,235,224,228,202,207,211,201,176,198,177,191,198,175,198,172,172,173,167,157,158,160,165,163,154,178,138,140,152,151,143,145,126,137,127,128,110,112,122,123,129,120,114,119,107,99,108,128,99,111,125,113,94,100,97,112,94,84,86,83,85,87,87,87,82,92,69,91,69,70,77,77,58,74,74,63,76,80,70,76,62,85,72,74,78,64,65,67,67,55,67,59,57,54,63,60,55,60,63,61,43,59,47,59,50,43,49,48,48,57,53,46,39,38,38,38,45,41,32,42,54
47,42,35,41,40,37,39,47,84,273,767,1319,1329,1253,1220,1079,1105,1050,961,878,910,822,860,778,802,756,749,699,676,654,577,614,587,548,554,548,556,491,495,511,473,487,505,454,403,450,404,423,409,414,428,390,369,343,392,353,349,360,359,328,326,298,305,338,279,307,302,265,287,269,288,288,272,288,262,274,254,227,221,249,201,239,202,227,209,207,228,197,207,186,202,195,200,178,180,209,192,166,167,166,156,156,145,159,153,164,149,143,141,141,142,145,142,123,138,124,126,147,130,118,132,121,115,129,121,128,102,119,105,100,114,99,114,101,92,93,90,96,101,93,101,90,88,87,97,86,85,75,96,92,94,85,78,79,85,89,77,76,88,87,56,70,74,64,72,76,67,68,58,78,63,69,68,70,62,71,68,56,69,59,64,51,49,68,59,59,59,57,50,53,55,39,57,60,59,37,57,36,60,39
45,48,37,44,38,46,40,46,91,229,733,1175,1232,1217,1085,1051,947,922,887,845,882,739,783,756,710,708,689,679,680,609,610,536,577,550,535,538,534,471,473,481,481,426,449,417,414,407,425,391,389,437,360,419,365,383,291,347,307,309,298,320,309,303,320,315,267,275,280,271,248,239,267,242,219,249,237,236,230,213,210,202,232,233,193,211,197,174,226,199,177,191,196,176,178,181,176,169,164,167,186,164,160,143,144,137,134,131,132,135,140,133,117,140,133,104,133,144,123,127,117,137,103,116,115,119,126,98,97,83,103,110,105,98,108,96,93,84,75,79,96,96,93,74,91,75,89,100,63,85,74,75,69,92,87,69,72,80,67,77,84,62,71,71,73,67,66,68,55,56,74,65,80,73,55,60,53,58,48,66,55,47,64,52,68,53,37,60,47,54,55,35,48,47,46,38,52,44,37,43,46,37
44,41,38,43,45,30,45,41,70,256,734,1258,1279,1223,1185,1093,996,983,989,920,907,887,848,815,773,738,692,682,677,605,687,624,569,550,528,496,530,532,529,510,450,498,422,458,426,375,451,414,448,383,378,396,372,340,355,374,386,358,313,299,306,309,288,334,305,324,267,283,267,253,241,252,251,260,254,239,240,234,256,236,233,225,221,226,234,207,209,228,198,229,170,207,201,172,186,172,165,160,171,172,144,158,156,154,163,152,145,133,160,140,152,122,139,115,141,122,123,124,123,128,119,107,133,120,127,108,121,102,122,105,105,108,117,88,90,111,102,106,102,112,92,104,97,92,95,81,78,100,76,81,83,80,78,72,68,85,73,68,83,76,71,94,79,69,58,61,67,53,56,62,54,61,70,59,70,73,57,61,50,60,49,63,56,61,52,59,55,44,61,52,60,40,50,48,51,51,53,43,49,50
42,56,37,48,33,38,52,44,75,255,737,1284,1364,1235,1155,1092,1059,964,966,887,848,889,827,809,745,703,721,678,615,639,622,578,543,585,542,508,517,526,490,484,476,483,473,445,448,423,401,404,422,409,411,383,397,390,360,320,303,290,383,336,309,295,337,303,299,262,284,300,269,246,262,255,259,233,247,238,239,238,243,201,229,194,219,199,210,207,195,194,166,208,187,167,193,196,183,182,145,183,182,154,173,158,161,149,153,155,161,152,151,142,136,120,153,127,124,144,138,122,135,105,98,106,115,119,128,103,131,108,137,113,91,113,107,109,99,96,98,93,78,93,95,98,83,101,80,92,85,82,82,90,82,69,73,73,71,83,78,70,80,67,70,72,75,60,67,75,69,64,52,64,71,65,48,58,60,65,55,55,54,57,51,56,38,54,48,52,49,45,36,46,48,51,51,44,43,43,43,40,47,43
47,50,51,53,45,46,42,35,95,279,727,1315,1333,1293,1250,1069,1066,1003,948,932,881,867,840,812,767,732,714,689,675,683,653,574,611,597,565,494,559,530,582,507,494,471,489,461,458,439,455,461,392,402,420,424,413,389,362,380,335,340,336,305,336,315,335,319,298,292,287,303,256,269,275,263,284,253,260,263,275,232,233,235,243,234,240,221,210,209,180,211,220,223,188,181,194,186,187,176,181,147,175,166,138,167,151,164,171,184,126,158,153,135,124,117,135,147,123,141,147,134,137,118,123,138,98,116,122,126,106,111,93,103,103,103,97,143,110,94,112,105,94,87,104,84,84,80,84,99,88,86,90,73,88,80,91,84,85,81,72,87,90,79,70,75,68,54,67,65,61,71,73,52,62,60,60,55,66,55,59,65,57,71,54,71,57,55,48,56,45,60,53,56,51,40,50,35,49,48,56,39,44,40
39,31,52,38,40,46,40,45,87,266,754,1280,1337,1235,1143,1090,1036,997,918,990,891,805,781,731,744,682,698,694,656,618,632,577,570,570,548,508,509,532,535,496,513,535,469,461,428,431,387,380,400,397,420,384,404,392,339,358,350,348,303,316,339,313,318,317,311,288,272,303,266,260,247,273,277,232,231,223,220,247,224,219,233,264,254,208,196,186,198,204,193,180,211,200,182,178,179,161,192,179,171,162,145,149,156,143,155,162,146,145,144,144,146,152,121,135,133,127,129,123,127,138,113,115,124,128,117,107,131,106,102,100,113,112,91,94,104,96,91,94,87,99,91,87,76,85,88,86,92,84,78,76,85,82,78,78,71,86,85,79,80,70,71,76,62,72,83,68,69,76,64,71,71,53,64,63,72,47,63,66,46,58,63,52,51,46,53,54,50,44,51,48,53,56,49,38,39,43,38,43,43,34
45,44,40,43,47,43,45,37,95,250,742,1280,1299,1236,1144,1125,1070,1002,929,940,920,865,850,782,709,720,710,660,607,690,613,568,586,573,523,542,538,513,491,506,492,433,437,433,437,443,396,384,417,397,361,384,367,372,328,371,328,349,300,343,328,280,326,304,299,316,270,298,289,272,274,261,227,238,245,234,244,245,253,209,223,227,220,205,203,219,195,204,187,185,193,167,189,186,191,165,178,189,186,144,182,164,160,152,162,165,134,158,132,134,139,143,132,107,110,127,143,134,133,104,136,125,108,110,112,116,104,107,108,109,107,86,117,100,92,91,101,102,109,85,83,94,83,79,92,99,82,92,103,82,76,85,81,82,81,71,67,69,66,59,69,60,76,73,77,68,81,68,75,64,75,50,68,69,51,56,64,50,58,71,69,57,64,50,53,54,57,58,53,55,57,56,49,41,51,37,40,46,41,49
48,42,32,42,31,38,48,46,88,233,734,1296,1333,1226,1119,1085,1032,994,948,873,915,867,830,789,747,701,721,679,699,638,648,606,567,561,582,544,540,497,518,529,468,425,478,454,430,442,452,439,395,415,422,375,384,402,325,411,325,357,330,375,340,330,298,295,300,284,293,282,259,256,293,279,224,243,253,244,254,226,233,235,227,218,208,204,227,215,230,206,193,191,191,193,170,179,171,174,176,160,146,170,152,155,139,160,176,167,144,170,159,141,129,117,129,128,106,121,148,114,109,109,119,151,146,130,105,105,114,125,111,111,104,113,94,101,99,94,85,90,104,84,94,87,110,66,81,88,80,71,67,83,89,84,83,91,64,89,71,65,65,78,69,60,74,71,71,69,68,70,60,64,72,74,59,55,65,69,48,50,54,62,54,55,54,47,57,51,44,61,56,63,53,54,38,51,45,56,51,42,41,53
45,43,51,54,44,46,52,44,87,276,807,1332,1323,1177,1147,1121,1018,984,950,905,825,828,871,759,817,756,755,708,674,670,605,607,571,574,540,544,536,525,520,464,504,480,459,450,439,451,398,370,426,425,397,391,404,366,392,321,361,343,313,338,349,329,332,300,290,284,300,284,284,276,280,259,281,264,268,245,236,240,230,211,230,204,231,197,233,194,221,197,201,208,200,197,163,188,183,163,182,182,182,200,179,164,148,147,142,144,134,166,124,154,129,148,129,151,139,129,113,138,130,127,142,136,118,132,111,112,114,129,106,108,102,96,108,105,103,95,103,105,93,115,81,107,100,88,89,79,83,82,110,79,93,96,86,73,81,76,70,94,68,73,79,69,68,62,81,74,70,65,77,63,62,66,51,61,58,51,65,51,77,56,61,56,54,58,46,51,47,57,52,59,47,49,51,46,45,49,41,51,49,41
39,37,41,43,37,36,36,46,69,225,726,1229,1330,1213,1163,1098,1011,947,947,979,879,884,828,772,763,810,668,699,649,624,626,561,608,538,567,544,495,499,515,470,473,472,484,429,431,459,403,409,388,371,354,366,389,359,347,313,338,340,342,295,316,275,315,304,316,289,268,248,286,276,273,256,244,275,222,260,267,214,202,237,224,181,208,198,197,186,203,208,200,186,187,189,174,157,174,163,195,157,149,159,152,140,152,153,127,140,146,127,137,149,136,163,133,125,129,121,121,121,116,137,101,119,118,120,110,118,116,117,133,117,110,106,97,103,79,88,91,98,92,101,103,92,83,98,91,112,85,88,97,70,88,65,71,83,64,84,82,61,64,59,88,69,83,48,55,78,64,67,53,74,60,54,51,54,61,60,73,68,60,66,51,55,45,52,53,67,57,51,47,42,51,39,41,44,39,36,47,46,48,40
33,47,47,62,52,49,56,55,92,293,837,1502,1636,1522,1417,1330,1334,1333,1235,1206,1115,1061,1030,1011,976,861,860,806,808,824,744,742,682,733,702,682,679,662,649,635,601,582,587,576,547,534,530,530,472,462,503,469,478,470,453,439,432,409,420,376,379,397,377,408,348,374,352,338,337,326,287,335,324,307,328,287,313,277,280,276,270,254,271,276,261,262,242,241,244,212,220,223,219,245,205,183,223,210,213,232,197,195,220,182,218,200,183,185,167,175,161,178,153,146,157,162,140,149,171,158,166,145,145,143,111,139,146,98,131,106,114,130,116,114,136,101,125,101,110,91,122,96,117,110,126,98,99,107,95,103,98,96,95,94,102,85,90,96,96,96,65,83,89,87,100,70,87,71,73,65,57,78,86,66,77,73,69,68,86,59,72,66,61,65,81,61,55,54,66,60,60,49,57,55,54,51,64,57,45,64
49,40,32,54,53,47,47,61,76,275,784,1433,1399,1346,1250,1138,1090,1051,1082,1049,963,922,922,826,824,776,785,776,774,692,667,655,667,626,582,595,594,579,577,537,543,543,548,470,486,512,460,412,485,428,405,415,431,366,431,376,394,343,344,367,337,357,353,302,335,312,299,327,343,285,288,322,285,279,260,276,275,232,250,245,244,251,241,237,236,213,212,236,217,211,235,241,222,178,212,176,199,184,174,184,181,187,170,182,132,169,151,160,139,162,160,174,150,133,163,143,138,139,156,133,109,132,143,115,110,134,112,118,118,117,102,116,125,91,108,98,86,110,112,111,118,106,88,92,104,91,99,80,95,87,86,99,85,95,87,79,85,93,83,91,86,92,86,77,75,58,60,71,77,79,75,62,73,61,70,54,72,65,62,49,55,60,45,53,58,57,46,56,64,48,56,47,51,55,48,44,57,54,47,35
34,40,47,42,34,55,40,58,92,226,796,1294,1350,1234,1235,1089,997,1019,980,881,941,897,804,785,809,755,711,665,700,665,655,637,635,608,549,583,529,535,530,514,504,499,448,486,491,427,388,431,398,393,402,393,384,375,378,375,374,340,320,320,329,332,276,312,325,298,325,292,274,274,273,262,271,241,275,244,248,216,249,232,232,213,218,204,177,227,214,221,207,187,200,181,179,167,200,186,178,166,175,177,163,167,152,168,177,160,138,144,145,133,155,160,163,133,144,126,147,147,126,140,135,114,114,105,115,121,113,122,98,102,113,104,96,104,97,114,95,105,95,93,92,96,79,64,94,93,88,91,79,72,79,106,71,91,66,83,73,70,64,80,71,84,71,77,59,64,71,68,68,67,57,68,69,75,50,53,49,73,61,55,55,74,57,58,45,54,61,57,57,52,43,52,52,44,40,43,51,36,43,45
40,46,48,43,37,40,29,41,79,242,730,1179,1261,1217,1114,1034,966,947,870,864,836,861,795,744,738,670,694,668,661,637,576,609,536,553,531,518,516,471,467,456,459,436,462,438,440,475,390,418,452,412,407,397,396,338,377,322,325,335,347,312,313,298,314,287,279,277,306,297,250,266,276,275,261,242,251,236,262,214,251,232,205,222,215,188,204,186,192,201,185,214,200,165,161,177,189,164,172,171,176,174,178,132,159,152,148,144,128,136,126,146,133,135,145,127,107,130,124,106,110,106,106,121,121,100,122,113,82,91,113,104,100,99,96,116,99,102,87,65,97,95,98,76,88,99,91,92,70,73,88,87,73,79,81,94,73,70,80,72,75,63,76,66,60,66,71,60,66,48,64,70,56,57,54,55,51,67,53,58,44,53,56,60,59,57,49,52,46,45,48,50,43,54,43,42,39,38,43,32,45,58
56,51,55,44,44,46,75,60,119,274,871,1596,1770,1671,1526,1400,1387,1271,1273,1204,1257,1184,1158,1137,1000,941,940,903,885,845,826,790,750,754,724,691,691,690,666,660,632,631,616,591,549,568,537,577,545,550,484,471,487,493,495,474,450,446,456,459,428,400,394,396,377,369,358,392,359,351,362,321,343,340,311,319,284,317,266,269,262,284,273,283,261,260,225,273,237,226,274,251,253,230,246,238,233,219,211,225,212,206,210,203,208,215,173,189,211,189,161,163,155,197,146,155,165,148,160,159,174,163,149,158,155,148,146,132,135,131,130,151,109,113,120,117,143,108,126,137,132,126,128,136,126,101,111,117,113,102,120,109,95,94,107,95,93,99,92,94,95,84,98,93,94,91,99,77,72,88,74,69,80,76,86,75,84,85,81,78,68,81,69,97,69,62,65,78,60,62,57,58,60,62,74,51,49,60,50,43
51,40,48,41,47,32,56,48,87,250,699,1370,1405,1342,1251,1161,1170,1000,1015,1013,1000,933,861,907,840,803,745,725,746,686,679,679,636,596,618,610,588,581,540,507,548,503,483,486,434,452,452,450,384,437,414,420,391,396,388,398,383,373,353,338,379,375,330,351,315,332,298,317,331,285,273,278,286,286,281,266,219,270,246,261,238,257,235,221,254,231,208,219,211,198,205,211,209,196,199,175,169,179,172,194,180,171,156,181,166,165,144,146,161,155,134,151,154,154,130,124,144,127,124,141,123,138,151,117,100,140,119,112,113,101,125,117,133,97,116,107,112,79,111,101,115,111,94,111,102,97,84,92,89,86,91,81,89,93,79,88,82,86,78,64,56,84,78,74,72,69,68,64,77,52,63,87,70,60,62,60,64,59,59,51,55,67,61,54,50,59,47,56,54,41,56,53,58,53,56,56,39,40,37,55
51,41,54,41,59,40,38,46,103,265,767,1267,1274,1269,1124,1116,1123,1005,972,932,876,837,862,772,728,749,746,692,658,665,649,603,599,619,580,574,537,548,497,512,475,506,455,466,463,438,412,417,434,419,423,370,393,415,396,332,387,337,334,361,316,304,302,296,307,296,307,268,286,250,282,319,269,274,244,233,228,247,238,230,241,233,229,224,212,228,239,202,169,203,181,166,188,193,170,178,178,155,161,182,152,171,147,173,160,171,155,131,139,140,150,125,146,130,131,140,131,125,116,126,129,129,138,139,145,112,113,118,105,97,106,104,108,105,93,104,94,76,103,73,95,79,89,89,99,80,68,74,80,82,74,91,89,66,77,79,83,67,76,69,81,73,77,57,67,59,67,67,65,59,55,69,68,66,57,58,70,50,65,73,52,64,50,60,56,63,54,58,43,53,44,63,39,55,52,63,44,55,41,44
51,41,38,45,47,50,43,46,100,285,755,1430,1422,1373,1287,1227,1078,1065,1066,1011,977,969,899,891,819,792,742,696,743,699,685,643,635,629,620,559,628,558,544,529,507,492,514,507,503,470,470,410,413,425,452,423,388,384,374,406,390,371,354,333,393,364,343,293,355,314,305,336,300,284,302,276,285,277,262,259,295,247,249,263,233,243,221,251,232,233,187,250,217,214,206,207,188,210,192,198,185,172,177,198,183,143,193,163,166,166,158,175,150,152,144,134,129,155,147,149,140,130,126,117,146,137,120,131,124,109,143,120,111,92,100,106,118,113,118,105,111,99,108,111,101,107,97,108,91,93,78,78,96,87,82,93,94,76,90,81,83,77,81,66,88,79,83,90,76,75,72,67,69,79,77,68,61,69,55,65,53,52,64,65,45,62,70,56,54,53,61,57,57,50,57,52,51,47,51,44,49,46,42,47
46,45,52,50,41,45,32,51,99,269,785,1326,1350,1236,1273,1152,1051,1098,990,996,944,885,882,825,832,756,724,684,684,652,649,659,602,659,591,579,551,546,549,548,500,461,493,485,473,430,432,411,410,416,364,370,386,400,391,331,364,377,369,320,311,330,352,327,286,267,292,317,315,298,269,266,270,265,232,253,231,268,241,237,269,226,252,226,218,243,190,200,213,220,205,203,185,182,200,193,180,187,193,181,218,163,159,171,179,167,152,171,142,162,126,136,162,147,125,158,114,134,143,148,134,121,128,133,137,117,130,124,131,101,99,113,95,120,114,118,101,105,90,87,71,95,91,85,90,96,96,83,91,99,87,66,88,87,77,78,87,87,80,78,72,69,70,75,70,86,55,58,81,82,64,67,79,63,72,54,64,74,61,57,63,43,61,62,62,57,55,59,64,46,34,53,40,47,43,46,49,57,55,42
45,55,50,49,42,50,43,54,98,290,767,1345,1358,1342,1237,1145,1092,1062,1023,990,876,910,810,794,792,789,772,738,686,706,666,617,634,655,617,572,575,564,516,542,505,455,519,462,470,453,458,437,435,393,414,387,396,402,372,383,346,370,351,354,317,347,287,347,314,305,295,292,302,286,321,287,238,239,295,232,248,248,242,224,240,218,250,238,213,212,225,227,219,185,184,188,168,212,198,177,176,179,164,178,158,191,177,179,179,161,152,129,155,171,141,146,126,145,152,128,141,127,141,136,145,103,114,133,112,125,138,119,119,112,109,114,112,89,108,108,108,109,95,88,99,105,99,97,74,91,93,85,94,86,93,84,82,95,82,67,80,89,93,98,65,74,73,65,54,57,63,95,61,79,63,69,63,63,63,47,61,64,66,61,56,65,70,48,59,52,44,49,54,52,51,51,52,35,58,51,65,45,47,42
48,47,42,61,41,40,41,46,82,234,684,1328,1298,1222,1145,1126,1016,979,967,960,896,791,809,788,784,743,713,664,641,673,622,636,574,607,539,578,550,485,527,512,510,475,478,470,476,438,459,420,404,383,399,415,400,369,338,354,359,324,307,298,289,315,314,339,299,293,278,266,270,274,264,260,254,228,224,212,232,252,222,255,227,236,207,220,191,220,191,214,209,185,204,193,193,189,193,169,191,187,142,157,160,140,153,182,147,170,150,158,135,118,153,155,128,128,154,105,128,120,116,114,121,146,112,119,101,117,133,97,113,105,109,107,119,93,111,98,85,120,78,86,95,103,92,80,84,92,76,79,96,84,88,74,67,71,66,62,67,78,81,78,77,80,72,72,77,64,72,66,72,68,68,65,71,54,69,52,64,59,73,48,53,59,47,65,60,45,42,56,57,35,43,57,48,46,51,39,41,40,46,37
45,52,45,50,48,51,42,49,109,270,798,1310,1358,1321,1286,1173,1087,1055,1003,936,910,887,821,853,789,767,722,739,673,702,674,623,628,613,639,607,586,559,543,532,521,468,482,500,461,474,442,430,411,408,429,405,401,367,376,381,353,367,364,334,354,309,296,325,330,294,321,278,265,285,293,256,283,248,267,253,273,265,253,233,231,238,243,237,216,215,236,203,208,190,213,174,190,179,163,188,172,177,166,158,172,157,152,177,173,157,149,154,141,152,156,136,128,121,134,140,140,123,121,144,126,122,136,114,103,106,108,128,114,108,101,116,106,103,101,97,95,93,119,92,100,88,99,88,98,105,90,92,92,85,102,89,76,80,84,75,84,85,92,70,70,77,73,60,81,75,66,58,59,67,64,71,71,67,55,59,62,53,62,69,43,55,46,50,62,41,62,66,50,41,54,54,46,48,36,48,57,49,45,56
41,45,53,37,36,40,48,51,93,257,704,1259,1405,1242,1139,1127,1054,972,952,902,905,902,797,760,720,639,662,665,633,637,610,621,564,543,548,538,547,517,500,469,481,442,452,432,463,433,390,442,414,390,393,416,389,346,388,356,375,342,310,301,302,284,314,291,293,319,275,257,287,249,273,280,276,239,233,257,235,222,226,229,214,233,221,210,213,231,202,210,190,193,183,191,178,174,175,174,182,201,167,164,155,175,156,188,189,146,149,143,146,147,133,127,155,138,137,127,118,135,147,143,132,105,156,121,143,101,118,111,131,95,85,106,92,94,115,80,94,91,103,83,90,103,102,91,87,85,101,99,75,91,74,95,91,80,77,81,80,76,70,63,66,74,60,67,65,65,69,51,55,64,67,53,64,53,82,58,49,75,58,38,63,53,59,47,52,42,45,61,55,50,54,62,42,33,58,35,30,51,41,30
40,42,48,41,38,42,49,52,87,269,755,1323,1304,1312,1217,1159,1064,956,932,932,876,877,882,824,819,770,751,737,630,636,629,604,590,600,594,556,541,529,527,478,533,494,489,465,494,466,441,424,435,430,408,406,391,379,389,370,344,360,348,319,310,317,351,301,298,283,306,294,295,285,275,274,269,244,235,256,211,255,201,261,243,204,222,216,207,223,192,207,209,208,209,195,200,201,168,183,176,188,177,166,185,165,158,170,163,185,145,126,129,125,152,162,173,124,139,128,115,136,116,146,101,121,138,130,107,107,93,106,115,126,105,109,96,131,99,99,112,85,104,96,113,102,85,86,94,105,96,67,111,71,85,65,78,78,86,75,77,71,70,75,72,79,64,69,74,59,63,65,60,75,72,68,62,63,65,72,58,57,45,54,73,59,57,60,43,56,64,52,50,46,56,43,55,39,37,57,50,44,49,59
48,49,44,49,52,45,40,50,90,256,734,1375,1340,1280,1141,1097,1026,986,945,906,908,850,808,752,757,767,750,702,657,643,639,615,621,609,590,554,534,522,532,493,484,454,494,454,458,448,435,426,419,369,389,402,374,358,375,378,350,336,339,352,335,308,330,331,294,318,291,298,260,263,300,267,275,249,264,226,235,205,263,246,228,237,252,225,203,220,203,211,201,208,178,207,208,189,192,201,166,201,170,175,151,163,172,154,168,165,168,155,154,143,133,115,146,133,137,134,130,146,124,123,112,121,115,130,122,125,100,115,114,118,107,101,94,106,83,114,101,99,104,100,92,77,88,78,76,88,91,88,85,77,96,83,94,55,63,73,83,82,68,63,74,73,54,72,72,78,75,79,81,52,66,64,68,56,55,70,63,52,63,66,40,58,74,61,56,56,55,56,46,54,63,55,55,47,50,53,42,44,47,51
41,43,47,58,37,53,57,51,94,267,713,1386,1376,1250,1251,1071,1087,975,994,916,873,875,804,747,720,734,727,757,686,617,602,612,568,586,590,564,517,520,523,505,490,471,453,446,427,413,446,425,395,418,370,385,390,371,378,371,347,342,317,336,355,302,306,292,310,311,268,279,280,294,268,262,264,244,252,243,265,239,218,213,229,217,210,226,215,223,202,189,226,191,178,227,198,196,160,159,197,158,186,210,154,144,148,172,160,187,152,147,152,135,121,142,140,136,127,143,127,128,113,129,110,113,128,99,116,138,106,106,102,111,118,116,94,100,112,93,101,103,85,97,96,88,91,104,92,85,81,96,73,84,98,79,72,80,73,89,80,74,68,62,69,82,66,80,82,87,56,74,65,70,69,70,54,62,47,59,51,66,71,61,61,45,49,61,55,41,41,49,49,57,59,57,31,46,40,56,50,48,40,48
30,39,38,33,41,35,41,37,66,260,716,1291,1262,1212,1091,1087,1001,941,886,847,823,767,803,743,706,737,717,713,621,637,626,650,568,573,530,510,499,478,481,469,462,445,433,455,399,401,373,403,421,348,393,357,365,333,337,369,340,323,317,331,360,282,328,307,295,291,297,308,292,283,275,251,221,253,240,240,216,238,207,225,204,224,212,222,187,221,173,191,212,196,169,189,195,192,171,159,175,194,148,172,158,133,162,139,147,119,140,140,158,141,138,139,116,97,125,120,125,116,115,108,119,118,118,117,110,95,107,95,81,103,115,105,106,97,100,85,90,100,86,87,86,88,88,83,82,82,78,87,70,93,63,66,68,78,73,85,73,90,69,53,59,65,79,67,56,74,76,53,66,52,57,60,74,68,79,63,54,52,50,61,52,61,56,40,49,42,44,45,55,60,57,51,43,50,44,44,40,42,43,44
35,37,38,38,43,39,45,39,81,251,740,1185,1251,1186,1130,1059,978,956,859,849,837,766,806,744,747,674,670,621,636,586,541,555,556,546,529,510,522,456,491,440,466,475,423,412,402,412,385,418,401,336,367,380,321,392,344,361,335,296,279,295,300,293,261,302,257,275,279,269,266,264,258,245,257,242,250,218,234,252,205,216,202,207,186,190,183,208,178,182,213,180,187,157,187,166,184,193,176,157,144,188,131,140,157,140,159,174,172,138,145,117,142,138,128,119,113,121,126,117,122,102,103,109,118,107,104,103,132,99,96,115,98,88,104,90,90,84,102,84,109,106,81,95,84,68,78,74,77,93,80,80,74,74,70,73,64,68,81,60,72,58,68,74,65,55,76,63,59,51,58,58,56,62,56,57,51,63,54,54,60,53,59,47,49,45,49,42,70,51,40,57,44,46,28,38,31,43,51,49,46,47
39,48,43,40,41,55,41,35,91,242,766,1284,1309,1185,1151,1059,1039,1008,934,850,898,875,886,790,748,687,708,693,687,633,585,630,563,553,550,544,584,544,492,458,446,432,485,439,409,437,405,432,395,360,387,375,361,335,344,352,321,329,327,335,345,306,300,278,298,276,313,293,272,274,265,248,256,265,253,253,242,256,225,223,207,224,213,212,213,205,217,211,186,165,209,197,175,195,189,172,184,157,166,170,176,155,150,159,161,130,146,145,148,130,130,137,152,123,100,130,137,124,124,121,133,119,105,114,115,102,117,126,125,106,91,92,93,106,89,92,90,110,104,86,96,71,73,81,100,84,65,103,75,90,71,70,83,74,68,84,69,78,72,72,72,73,72,51,69,70,71,61,65,57,62,61,55,71,58,59,64,55,55,50,58,51,66,39,60,44,58,54,48,57,51,37,47,50,42,49,33,50,35,36
38,35,31,38,37,38,34,39,79,212,687,1168,1192,1150,1158,1054,934,927,927,892,790,781,786,753,734,672,690,630,646,619,586,546,552,519,522,487,508,461,450,473,429,452,458,393,439,405,364,385,388,407,362,379,349,342,349,352,345,309,316,296,276,314,280,262,275,261,253,259,264,251,266,241,236,273,261,221,235,213,201,196,222,227,206,206,207,211,188,180,168,187,171,164,172,174,198,188,165,170,174,165,147,148,163,159,136,162,135,136,148,141,124,133,125,114,122,124,123,121,122,115,98,140,105,115,103,113,107,86,111,94,123,83,95,90,89,76,105,90,94,93,76,104,83,79,84,92,66,68,93,64,72,77,63,69,60,67,78,73,74,65,65,76,61,65,64,59,70,57,63,58,71,57,52,61,65,50,59,45,59,53,57,53,57,44,52,46,48,63,32,54,47,47,29,41,40,58,34,41,37,44
50,47,45,48,61,63,43,51,82,262,763,1357,1363,1207,1139,1095,1088,990,924,924,916,827,788,797,778,745,723,679,706,691,640,634,584,589,565,566,547,498,533,520,497,503,505,470,421,457,431,412,416,392,378,388,404,351,378,369,375,324,324,356,324,332,321,310,327,320,295,266,291,273,295,257,265,306,249,243,248,241,210,249,272,218,224,203,232,194,205,212,204,187,180,185,183,183,172,203,195,179,169,182,146,154,145,156,162,136,138,150,143,147,138,155,174,111,127,139,143,148,138,120,111,118,119,112,123,112,127,140,115,139,122,88,91,106,107,117,97,102,111,88,102,73,98,88,79,87,91,73,73,95,94,81,69,92,96,77,90,90,67,71,71,77,78,78,62,76,80,62,54,77,76,69,65,61,54,52,59,74,75,57,46,54,56,56,56,54,51,45,45,44,44,68,55,38,41,38,40,44,49,38
40,46,37,36,45,40,40,46,78,254,661,1244,1303,1193,1103,986,1013,935,928,906,834,832,761,734,729,665,640,663,664,569,593,564,573,540,543,536,490,503,490,478,494,459,443,426,419,420,419,415,394,400,372,389,359,354,360,362,303,328,294,340,298,293,314,287,276,297,298,262,274,288,274,228,256,247,220,238,223,229,215,212,223,211,232,185,200,188,210,204,213,187,172,192,211,180,173,148,183,157,153,135,177,138,154,127,170,157,137,136,140,134,133,137,134,145,119,139,122,127,118,106,113,111,117,106,91,113,117,123,98,131,112,101,105,95,101,102,95,90,87,89,100,92,92,92,78,72,87,94,84,83,86,85,72,97,66,83,73,52,55,69,60,78,55,67,67,70,54,72,79,69,57,64,52,55,53,57,56,62,51,67,52,46,58,49,61,42,48,47,50,50,53,49,47,42,50,36,46,40,51,48
47,36,38,35,42,40,46,48,77,251,705,1249,1260,1111,1098,1070,1015,907,891,848,812,794,764,713,676,645,660,631,643,629,558,544,549,500,561,524,513,475,482,449,420,435,451,421,420,420,410,362,373,359,351,401,345,348,344,338,330,329,324,281,280,277,311,268,278,274,266,259,253,274,236,251,245,217,241,241,209,226,244,220,202,211,184,198,195,180,174,213,195,162,168,195,176,169,181,173,169,175,156,152,144,153,175,140,135,132,147,134,125,120,140,145,125,117,122,115,113,144,87,110,125,109,110,119,103,101,102,95,110,95,107,110,103,73,107,104,95,92,85,93,96,89,89,74,68,72,90,78,79,83,69,83,74,68,77,80,73,78,61,80,75,63,79,63,72,55,58,51,64,60,50,66,60,63,43,58,69,53,59,54,51,56,53,47,45,45,52,46,43,44,51,42,49,46,40,48,43,43,36,42
49,42,57,42,44,42,53,62,92,246,741,1334,1350,1276,1177,1064,1017,1048,995,991,864,832,877,805,772,758,752,661,679,649,637,645,563,597,589,517,547,513,536,548,473,489,490,457,475,445,401,392,389,387,397,438,382,380,401,380,355,374,366,350,298,311,324,332,305,292,280,288,268,267,248,269,253,253,231,275,238,220,221,219,228,244,216,203,229,192,198,182,216,204,182,194,183,180,206,178,192,180,153,182,186,156,151,152,150,155,141,140,145,138,153,132,145,164,134,137,124,109,119,126,122,118,131,99,135,134,110,104,122,95,106,117,100,103,111,99,105,97,100,102,91,86,84,86,89,85,82,100,84,73,62,99,69,82,91,67,81,74,82,70,76,79,66,81,51,47,66,60,54,81,72,71,65,54,56,56,54,54,45,65,52,59,71,60,51,56,52,49,46,45,49,52,63,45,59,40,39,50,40,47
43,49,47,46,40,47,44,47,83,273,779,1268,1314,1166,1135,1052,1070,942,917,929,864,859,806,808,730,725,718,685,663,640,620,605,584,581,565,549,528,495,481,527,502,473,510,468,445,458,404,435,367,416,405,381,381,396,351,329,337,393,346,320,303,286,331,328,285,283,289,304,278,278,271,271,236,266,272,243,217,255,251,247,246,218,207,197,197,203,174,211,184,229,174,198,178,172,174,176,179,176,185,184,153,156,157,134,164,164,159,140,153,138,149,136,122,128,139,126,129,126,122,118,108,131,121,107,126,114,109,113,104,121,93,99,91,90,96,84,105,88,101,91,84,99,92,85,86,82,99,93,90,80,78,83,92,88,65,74,68,64,72,88,69,70,56,60,72,59,70,56,54,67,58,55,70,61,69,57,68,62,46,45,44,53,45,61,55,44,54,41,50,44,51,51,35,40,43,49,48,47,45,37
35,45,38,33,47,48,37,41,75,222,710,1241,1218,1183,1006,1007,967,860,879,844,834,799,787,740,704,641,685,600,686,586,586,587,554,549,551,499,562,458,455,443,463,426,431,432,449,392,407,381,386,373,362,370,369,353,378,330,316,276,312,315,316,315,297,257,282,247,261,280,259,245,254,254,233,252,227,196,245,202,218,240,219,188,196,208,210,178,197,198,197,202,158,206,189,164,182,160,155,154,144,152,165,138,153,147,140,142,131,121,142,122,116,105,124,137,125,128,101,110,108,99,104,106,109,91,119,124,78,108,109,85,87,93,100,100,93,76,97,86,67,84,82,87,101,78,83,62,73,97,81,85,82,87,75,63,55,56,74,71,66,76,53,75,60,66,62,72,63,55,55,67,59,60,59,67,45,65,63,52,49,56,57,66,56,40,45,51,39,51,41,39,52,55,53,39,53,41,52,36,47,47
38,36,44,26,42,45,42,45,90,237,709,1132,1258,1111,1081,1007,992,911,868,870,795,801,797,750,706,696,682,667,632,617,623,624,545,544,529,543,521,498,489,443,483,469,439,419,426,432,406,438,386,355,357,373,342,347,317,370,319,321,322,293,304,287,278,298,301,264,262,264,264,252,250,254,219,235,237,203,214,236,211,214,203,219,208,190,192,223,191,193,205,182,182,154,176,161,176,155,154,152,163,158,159,163,138,140,150,167,122,131,129,131,120,143,120,133,145,124,137,103,119,114,107,120,116,124,115,94,89,102,80,99,93,102,91,105,99,106,86,95,97,85,79,63,81,80,93,76,77,97,81,85,67,80,84,64,78,69,74,70,66,66,76,74,60,67,53,70,70,81,73,44,58,57,54,51,74,54,51,48,53,48,47,65,53,54,53,51,49,55,34,48,50,32,52,49,48,44,54,43,41,47
33,35,47,37,28,43,40,40,58,251,703,1210,1217,1192,1079,1028,964,910,871,882,788,810,836,758,722,654,699,636,668,610,579,603,542,548,504,507,551,527,496,527,457,415,497,453,419,401,436,394,403,415,372,368,379,342,346,334,331,316,359,331,317,299,288,283,309,305,280,281,269,241,255,260,224,245,266,247,224,255,229,225,228,219,203,210,221,197,205,188,173,174,186,179,175,186,173,154,167,163,159,147,172,136,151,151,166,140,147,139,149,136,139,159,141,138,141,124,135,140,137,117,100,93,134,100,107,111,125,103,101,90,99,99,107,104,94,89,115,96,93,81,93,85,86,104,87,92,79,81,67,74,78,90,74,79,76,77,70,74,84,58,73,70,60,73,62,61,70,63,61,73,56,63,48,52,57,45,46,49,60,49,60,70,52,48,53,59,56,44,40,62,52,45,50,45,42,36,28,41,45,42
40,46,43,27,30,38,31,37,90,238,682,1190,1248,1205,1109,1034,957,932,895,849,840,839,811,737,799,658,665,676,667,597,590,572,555,542,497,498,479,535,461,436,439,478,439,431,382,439,417,394,383,394,377,342,344,375,316,347,367,323,317,307,337,314,302,281,290,266,269,265,223,283,255,245,265,225,244,210,229,219,224,211,213,210,228,177,212,182,189,200,196,192,198,171,210,170,188,194,174,154,169,149,163,163,154,138,161,148,152,138,125,143,115,144,138,125,123,134,119,117,144,129,123,112,125,98,123,114,119,99,110,103,108,84,94,102,93,101,92,70,76,81,80,83,85,85,100,79,82,77,68,82,71,63,64,82,85,62,74,69,74,60,62,70,84,67,70,66,64,70,57,64,56,66,56,59,45,55,54,55,53,39,51,50,61,58,48,62,58,71,45,50,50,48,59,47,46,49,51,41,39,48
44,42,31,41,44,34,30,49,91,214,718,1143,1234,1144,1065,978,946,851,842,857,836,803,774,738,705,675,682,599,576,570,541,594,539,512,516,503,479,442,451,495,442,465,449,428,408,429,384,397,386,369,389,360,347,339,341,330,319,314,318,322,300,293,298,306,283,260,264,243,253,277,252,249,225,247,244,224,222,186,209,211,232,186,199,205,182,188,188,190,165,175,190,180,179,165,163,156,169,170,150,177,146,149,147,166,124,129,133,124,138,141,134,139,114,118,130,109,109,116,121,113,117,109,131,125,94,97,103,81,113,115,106,98,111,100,102,88,107,98,92,83,87,98,83,65,88,76,99,74,77,85,99,75,64,65,63,62,87,63,60,73,65,79,54,53,73,67,66,56,54,58,59,56,80,63,55,44,59,67,45,58,41,55,52,50,44,43,48,39,51,32,43,40,52,41,47,36,37,49,35,44
39,37,40,36,38,34,30,48,63,250,718,1167,1223,1167,1112,993,954,890,868,815,779,739,740,686,697,663,640,642,597,545,579,558,510,517,518,505,502,466,470,470,447,454,423,405,414,436,371,377,348,372,362,336,321,313,309,339,337,316,265,312,330,324,285,278,298,262,222,295,253,248,233,241,248,216,218,262,210,242,223,196,210,211,192,205,199,203,174,209,182,156,173,179,173,191,173,172,147,156,149,145,147,146,156,141,147,132,130,119,121,128,131,106,122,121,114,121,117,129,120,119,108,132,123,107,106,99,110,103,111,106,90,89,97,94,72,78,88,72,83,86,73,105,88,79,100,78,70,69,87,62,97,71,90,73,73,76,67,75,58,70,66,67,60,83,53,72,59,72,54,49,57,67,59,64,52,53,53,66,57,58,44,42,53,54,40,43,42,44,44,33,46,39,51,61,37,46,51,39,36,36
